arquivo_foto,categoria,produto,marca,variante_embalagem,preco,ja_tem_foto
l1.jpg,Limpeza,Detergente para Louça,Ypê,Neutro · 500ml,"R$ 2,85",NAO
l2.jpg,Limpeza,Detergente para Louça,Ypê,Limão · 500ml,"R$ 2,85",NAO
l3.jpg,Limpeza,Detergente para Louça,Ypê,Coco · 500ml,"R$ 2,85",NAO
l4.jpg,Limpeza,Detergente para Louça,Ypê,Capim-Limão · 500ml,"R$ 2,85",NAO
l5.jpg,Limpeza,Detergente para Louça,Ypê,Maçã · 500ml,"R$ 2,85",NAO
l6.jpg,Limpeza,Detergente para Louça,Ypê,Enz. Ativo · 500ml,"R$ 3,47",NAO
l7.jpg,Limpeza,Detergente para Louça,Ypê,Enz. Ativo P · 500ml,"R$ 3,47",NAO
l8.jpg,Limpeza,Detergente para Louça,Azulim,Maçã · 500ml,"R$ 3,59",NAO
l9.jpg,Limpeza,Detergente para Louça,Azulim,Clear · 500ml,"R$ 3,59",NAO
l10.jpg,Limpeza,Detergente para Louça,Limpadua,Neutro · 500ml,"R$ 2,20",NAO
l11.jpg,Limpeza,Detergente para Louça,Alpes,Clear c/bicarbonato · 1L,"R$ 5,80",NAO
l12.jpg,Limpeza,Água Sanitária,Tuff,5L,"R$ 22,15",NAO
l13.jpg,Limpeza,Água Sanitária,Tuff,1L,"R$ 5,75",NAO
l14.jpg,Limpeza,Água Sanitária,Ypê,1L,"R$ 5,70",NAO
l15.jpg,Limpeza,Água Sanitária,Ypê,5L,"R$ 20,29",NAO
l16.jpg,Limpeza,Água Sanitária,Limpadua,1L,"R$ 2,80",NAO
l17.jpg,Limpeza,Água Sanitária,Limpadua,2L,"R$ 4,95",NAO
l18.jpg,Limpeza,Água Sanitária,Limpadua,5L,"R$ 12,85",NAO
l19.jpg,Limpeza,Água Sanitária,Cloral,1L,"R$ 3,25",NAO
l20.jpg,Limpeza,Água Sanitária,Cloral,2L,"R$ 4,80",NAO
l21.jpg,Limpeza,Água Sanitária,Cloral,5L,"R$ 11,70",NAO
l22.jpg,Limpeza,Sabão em Pó / Lava-Roupas em Pó,Urca,Concentrado,"R$ 6,90",NAO
l23.jpg,Limpeza,Sabão em Pó / Lava-Roupas em Pó,Ultralar,500g,"R$ 3,15",NAO
l24.jpg,Limpeza,Sabão em Pó / Lava-Roupas em Pó,Tixan,Primavera · 400g,"R$ 6,99",NAO
l25.jpg,Limpeza,Sabão em Pó / Lava-Roupas em Pó,Facilita,Tradicional · 800g,"R$ 7,50",NAO
l26.jpg,Limpeza,Sabão em Pó / Lava-Roupas em Pó,Invicto,Lavanda · 400g,"R$ 3,75",NAO
l27.jpg,Limpeza,Sabão em Barra / Coco,Ypê,Toque de Aveia · 160g,"R$ 4,99",NAO
l28.jpg,Limpeza,Sabão em Barra / Coco,Ypê,Multi Ativo · 160g,"R$ 3,59",NAO
l29.jpg,Limpeza,Sabão em Barra / Coco,Ypê,Neutro · 160g,"R$ 4,99",NAO
l30.jpg,Limpeza,Sabão em Barra / Coco,Urca,5x90g,"R$ 8,70",NAO
l31.jpg,Limpeza,Sabão em Barra / Coco,Ruth Care,180g,"R$ 5,90",NAO
l32.jpg,Limpeza,Sabão em Barra / Coco,Azulim,Glicerinado · 750g,"R$ 12,35",NAO
l33.jpg,Limpeza,Sabão em Barra / Coco,Alpes,Super Glicerinado · 5x160g,"R$ 14,99",NAO
l34.jpg,Limpeza,Sabão em Barra / Coco,Alpes,Blue Glicerinado · 5x160g,"R$ 17,99",NAO
l35.jpg,Limpeza,Amaciante de Roupas,Downy,Concentrado · 500ml,"R$ 13,40",NAO
l36.jpg,Limpeza,Amaciante de Roupas,Tuff,"Concentrado Summer · 1,5L","R$ 22,64",NAO
l37.jpg,Limpeza,Amaciante de Roupas,Tuff,"Concentrado Spring · 1,5L","R$ 22,40",NAO
l38.jpg,Limpeza,Amaciante de Roupas,Tuff,"Concentrado Winter · 1,5L","R$ 22,64",NAO
l39.jpg,Limpeza,Amaciante de Roupas,Ypê,Aconchego · 500ml,"R$ 3,48",NAO
l40.jpg,Limpeza,Amaciante de Roupas,Facilita,Coco · 5L,"R$ 23,27",NAO
l41.jpg,Limpeza,Amaciante de Roupas,Facilita,Clássico · 5L,"R$ 23,27",NAO
l42.jpg,Limpeza,Amaciante de Roupas,Limpadua,Azul · 2L,"R$ 7,24",NAO
l43.jpg,Limpeza,Amaciante de Roupas,Urca,Brisa Concentrado · 500ml,"R$ 6,79",NAO
l44.jpg,Limpeza,Amaciante de Roupas,Urca,Brisa Azul · 2L,"R$ 8,29",NAO
l45.jpg,Limpeza,Amaciante de Roupas,Urca,Brisa Azul · 5L,"R$ 17,93",NAO
l46.jpg,Limpeza,Lava-Roupas Líquido,Urca,Azul · 3L,"R$ 20,75",NAO
l47.jpg,Limpeza,Lava-Roupas Líquido,UAU,Active · 3L,"R$ 26,76",NAO
l48.jpg,Limpeza,Lava-Roupas Líquido,UAU,"Coco · 1,7L","R$ 15,85",NAO
l49.jpg,Limpeza,Lava-Roupas Líquido,UAU,Rosas e Sedução · 3L,"R$ 26,76",NAO
l50.jpg,Limpeza,Lava-Roupas Líquido,Tuff,Concentrado · 1L,"R$ 14,22",NAO
l51.jpg,Limpeza,Lava-Roupas Líquido,Facilita,Lavanda · 3L,"R$ 24,77",NAO
l52.jpg,Limpeza,Lava-Roupas Líquido,OMO,Lavagem Perfeita · 3L (rende 30 lavagens),"R$ 39,99",NAO
l53.jpg,Limpeza,Lava-Roupas Líquido,OMO,Lavagem Perfeita · refil sachê,"R$ 15,70",NAO
l54.jpg,Limpeza,Lava-Roupas Líquido,Limpadua,Azul · 1L,"R$ 7,67",NAO
l55.jpg,Limpeza,Limpador Multiuso,UAU,Rosas e Sedução · 500ml,"R$ 5,99",NAO
l56.jpg,Limpeza,Limpador Multiuso,UAU,Flores e Folhas · 500ml,"R$ 5,99",NAO
l57.jpg,Limpeza,Limpador Multiuso,UAU,Chá Branco · 500ml,"R$ 5,99",NAO
l58.jpg,Limpeza,Limpador Multiuso,UAU,Odores · 500ml,"R$ 6,29",NAO
l59.jpg,Limpeza,Limpador Multiuso,Facilita,Floral · 500ml,"R$ 3,90",NAO
l60.jpg,Limpeza,Limpador Multiuso,Facilita,Citrus · 500ml,"R$ 3,90",NAO
l61.jpg,Limpeza,Limpador Multiuso,Limpadua,Tradicional · 500ml,"R$ 3,80",NAO
l62.jpg,Limpeza,Limpador Multiuso,Azulim,Original · 500ml,"R$ 4,25",NAO
l63.jpg,Limpeza,Limpador Multiuso,Azulim,Bactericida · 500ml,"R$ 4,15",NAO
l64.jpg,Limpeza,Limpador Multiuso,Veja,Campestre · 500ml,"R$ 4,49",NAO
l65.jpg,Limpeza,Limpador Multiuso,Veja,Original · 500ml,"R$ 4,99",NAO
l66.jpg,Limpeza,Limpador Multiuso,Veja,Floral · 500ml,"R$ 4,65",NAO
l67.jpg,Limpeza,Limpador Multiuso,Veja,Power Fusão Coco · 500ml,"R$ 9,89",NAO
l68.jpg,Limpeza,Limpador Multiuso,Alpes,Tradicional · 500ml,"R$ 3,79",NAO
l69.jpg,Limpeza,Limpador Multiuso,Urca,Álcool · 500ml,"R$ 4,15",NAO
l70.jpg,Limpeza,Limpa-Vidros,Limpol,4 em 1 · 500ml,"R$ 8,15",NAO
l71.jpg,Limpeza,Limpa-Vidros,UAU,Blindex · 500ml,"R$ 10,99",NAO
l72.jpg,Limpeza,Limpa-Vidros,Azulim,c/Álcool Spray · 500ml,"R$ 11,70",NAO
l73.jpg,Limpeza,Limpa-Vidros,Urca,Squeeze · 500ml,"R$ 5,87",NAO
l74.jpg,Limpeza,Limpa-Vidros,Limpadua,Tradicional · 500ml,"R$ 4,46",NAO
l75.jpg,Limpeza,Limpa-Vidros,Veja,Cristal · 500ml,"R$ 27,99",NAO
l76.jpg,Limpeza,Limpa-Vidros,Facilita,500ml,"R$ 4,76",NAO
l77.jpg,Limpeza,Desengordurante,Limpol,Limão · 500ml,"R$ 8,45",NAO
l78.jpg,Limpeza,Pasta de Limpeza / Alumínio,Vitral,Sabão Pasta · 200g,"R$ 5,55",NAO
l79.jpg,Limpeza,Pasta de Limpeza / Alumínio,Alumil,Pasta de Brilho · 480g,"R$ 5,20",NAO
l80.jpg,Limpeza,Pasta de Limpeza / Alumínio,Alumil,Limpa Alumínio Plus · 500ml,"R$ 4,85",NAO
l81.jpg,Limpeza,Percarbonato de Sódio,Tuff,1kg,"R$ 34,99",NAO
l82.jpg,Limpeza,Alvejante sem Cloro,Tuff,1L,"R$ 8,43",NAO
l83.jpg,Limpeza,Spray Passa Fácil,Tuff,Sem Passar · 350ml,"R$ 14,90",NAO
d19.jpg,Descartáveis,Saco de Lixo 10L,Prático,Lilás · rolinho pia e banheiro,"R$ 10,50",NAO
d20.jpg,Descartáveis,Saco de Lixo 10L,Prático,Leitoso · rolinho pia e banheiro,"R$ 10,99",NAO
d21.jpg,Descartáveis,Saco de Lixo 15L,Prático,ECO · rolinho,"R$ 9,45",NAO
d22.jpg,Descartáveis,Saco de Lixo 30L,Prático,ECO · rolinho,"R$ 9,75",NAO
d23.jpg,Descartáveis,Saco de Lixo 50L,Prático,ECO · rolinho,"R$ 9,75",NAO
d24.jpg,Descartáveis,Saco de Lixo 60L,Fort,Roll Reforçado,"R$ 29,10",NAO
d25.jpg,Descartáveis,Saco de Lixo 60L,Urso,Extra · 75x85 · 15kg,"R$ 40,79",NAO
d26.jpg,Descartáveis,Saco de Lixo 100L,Prático,ECO · rolinho,"R$ 11,70",NAO
d27.jpg,Descartáveis,Saco de Lixo 100L,Fort,Roll Reforçado,"R$ 33,30",NAO
d28.jpg,Descartáveis,Saco de Lixo 100L,Urso,"Extra · 90x1,05 · 25kg","R$ 54,50",NAO
d29.jpg,Descartáveis,Saco de Lixo 200L,Urso,"Extra · 95x1,20 · 35kg","R$ 68,00",NAO
d1.jpg,Descartáveis,Copo Descartável 200ml,Nova Clean,pacote 100un,"R$ 6,90",NAO
d10.jpg,Descartáveis,Copo Descartável 200ml,Copobras,pacote 100un,"R$ 7,50",NAO
d2.jpg,Descartáveis,Guardanapo de Papel,Nova Clean,pacote 50un,"R$ 4,50",NAO
d11.jpg,Descartáveis,Guardanapo de Papel,Santher,pacote 50un,"R$ 3,90",NAO
d3.jpg,Descartáveis,Papel Toalha Interfolha,Nova Clean,pacote 1000un,"R$ 22,90",NAO
d12.jpg,Descartáveis,Papel Toalha Interfolha,Snob,pacote 1000un,"R$ 24,90",NAO
d4.jpg,Descartáveis,Prato Descartável Raso,Nova Clean,pacote 10un,"R$ 5,90",NAO
d13.jpg,Descartáveis,Prato Descartável Raso,Copobras,pacote 10un,"R$ 6,50",NAO
d6.jpg,Descartáveis,Kit Talher Descartável,Nova Clean,25un,"R$ 8,90",NAO
d15.jpg,Descartáveis,Kit Talher Descartável,Copobras,25un,"R$ 9,50",NAO
d7.jpg,Descartáveis,Papel Higiênico Folha Dupla,Nova Clean,pacote 12 rolos,"R$ 24,90",NAO
d16.jpg,Descartáveis,Papel Higiênico Folha Dupla,Neve,pacote 12 rolos,"R$ 27,90",NAO
d8.jpg,Descartáveis,Filme PVC,Nova Clean,30cm x 100m,"R$ 11,50",NAO
d17.jpg,Descartáveis,Filme PVC,Rolopac,30cm x 100m,"R$ 12,90",NAO
d9.jpg,Descartáveis,Copo Descartável 50ml (cafezinho),Nova Clean,pacote 100un,"R$ 4,90",NAO
d18.jpg,Descartáveis,Copo Descartável 50ml (cafezinho),Copobras,pacote 100un,"R$ 5,50",NAO
p1.jpg,Papelaria,Caderno Universitário 10 Matérias,Nova Clean,200 folhas,"R$ 27,90",NAO
p9.jpg,Papelaria,Caderno Universitário 10 Matérias,Tilibra,200 folhas,"R$ 32,90",NAO
p2.jpg,Papelaria,Caneta Esferográfica Azul,Nova Clean,caixa 50un,"R$ 15,00",NAO
p10.jpg,Papelaria,Caneta Esferográfica Azul,BIC,caixa 50un,"R$ 22,90",NAO
p3.jpg,Papelaria,Papel Sulfite A4,Nova Clean,pacote 500 folhas,"R$ 24,90",NAO
p11.jpg,Papelaria,Papel Sulfite A4,Chamex,pacote 500 folhas,"R$ 26,90",NAO
p4.jpg,Papelaria,Envelope Ofício,Nova Clean,pacote 50un,"R$ 9,90",NAO
p12.jpg,Papelaria,Envelope Ofício,Scrity,pacote 50un,"R$ 11,90",NAO
p5.jpg,Papelaria,Fita Adesiva Transparente,Nova Clean,45mm x 50m,"R$ 6,50",NAO
p13.jpg,Papelaria,Fita Adesiva Transparente,Scotch,45mm x 50m,"R$ 8,90",NAO
p6.jpg,Papelaria,Cola Bastão,Nova Clean,20g,"R$ 3,20",NAO
p14.jpg,Papelaria,Cola Bastão,Pritt,20g,"R$ 4,50",NAO
p7.jpg,Papelaria,Lápis Preto nº2,Nova Clean,caixa 12un,"R$ 7,90",NAO
p15.jpg,Papelaria,Lápis Preto nº2,Faber-Castell,caixa 12un,"R$ 9,90",NAO
p8.jpg,Papelaria,Pasta Catálogo com Elástico,Nova Clean,unidade,"R$ 12,90",NAO
p16.jpg,Papelaria,Pasta Catálogo com Elástico,Dac,unidade,"R$ 14,90",NAO